{"Controlador.TDA.Listas.ListaEnlazada":{"header":{"info":{"@class":"modelo.Boleto","id":1,"valor":16,"numero_Asiento":21,"lugar_Origen":"Loja","lugar_Destino":"Quito","num_boleto":1,"cantidad":1,"pasajero":"Juan"},"next":{"info":{"@class":"modelo.Boleto","id":2,"valor":4.5,"numero_Asiento":"01-02","lugar_Origen":"Celica","lugar_Destino":"Cariamanga","num_boleto":6,"cantidad":2,"pasajero":"Jimena"},"next":{"info":{"@class":"modelo.Boleto","id":3,"valor":5,"numero_Asiento":"11-12","lugar_Origen":"Catamayo","lugar_Destino":"Vilcabamba","num_boleto":4,"cantidad":2,"pasajero":"Damian "},"next":{"info":{"@class":"modelo.Boleto","id":4,"valor":2.3,"numero_Asiento":"04-05-06","lugar_Origen":"malacatos ","lugar_Destino":"Vilcabamba","num_boleto":3,"cantidad":3,"pasajero":"Jostin"},"next":{"info":{"@class":"modelo.Boleto","id":5,"valor":4,"numero_Asiento":18,"lugar_Origen":"Cuenca","lugar_Destino":"Riobamba","num_boleto":7,"cantidad":1,"pasajero":"Angel"},"next":{"info":{"@class":"modelo.Boleto","id":6,"valor":13.5,"numero_Asiento":"19-20","lugar_Origen":"Machala","lugar_Destino":"Loja","num_boleto":9,"cantidad":2,"pasajero":"Carlos"},"next":{"info":{"@class":"modelo.Boleto","id":7,"valor":3,"numero_Asiento":17,"lugar_Origen":"Portoviejo","lugar_Destino":"Manta","num_boleto":10,"cantidad":1,"pasajero":"Marco"},"next":{"info":{"@class":"modelo.Boleto","id":8,"valor":5,"numero_Asiento":15,"lugar_Origen":"Paltas","lugar_Destino":"Loja","num_boleto":15,"cantidad":1,"pasajero":"Flavio"},"next":{"info":{"@class":"modelo.Boleto","id":9,"valor":12,"numero_Asiento":23,"lugar_Origen":"Chimborazo","lugar_Destino":"Imbabura","num_boleto":2,"cantidad":1,"pasajero":"Felipe"},"next":{"info":{"@class":"modelo.Boleto","id":10,"valor":7,"numero_Asiento":12,"lugar_Origen":"Loja","lugar_Destino":"Macara","num_boleto":13,"cantidad":1,"pasajero":"Jesica"},"next":{"info":{"@class":"modelo.Boleto","id":11,"valor":15,"numero_Asiento":"03-04","lugar_Origen":"Ibarra","lugar_Destino":"Cuenca","num_boleto":11,"cantidad":2,"pasajero":"Milena"},"next":{"info":{"@class":"modelo.Boleto","id":12,"valor":4,"numero_Asiento":"11-12-13-14","lugar_Origen":"Tambo","lugar_Destino":"Catamayo","num_boleto":17,"cantidad":4,"pasajero":"Diana"},"next":{"info":{"@class":"modelo.Boleto","id":13,"valor":6,"numero_Asiento":"02-03","lugar_Origen":"Celica ","lugar_Destino":"Paltas","num_boleto":16,"cantidad":2,"pasajero":"Rolando"},"next":{"info":{"@class":"modelo.Boleto","id":14,"valor":8,"numero_Asiento":"28-29","lugar_Origen":"Guayaquil","lugar_Destino":"Machala","num_boleto":19,"cantidad":2,"pasajero":"David"},"next":{"info":{"@class":"modelo.Boleto","id":15,"valor":3,"numero_Asiento":"01","lugar_Origen":"Zamora","lugar_Destino":"El Pangi","num_boleto":20,"cantidad":1,"pasajero":"Paola"},"next":{"info":{"@class":"modelo.Boleto","id":16,"valor":2.5,"numero_Asiento":"03-04-05-06","lugar_Origen":"Olmedo","lugar_Destino":"San Pedro","num_boleto":27,"cantidad":4,"pasajero":"Yolanda"},"next":{"info":{"@class":"modelo.Boleto","id":17,"valor":5,"numero_Asiento":11,"lugar_Origen":"El Cisne","lugar_Destino":"Ambato","num_boleto":28,"cantidad":1,"pasajero":"Edwin"},"next":{"info":{"@class":"modelo.Boleto","id":18,"valor":6,"numero_Asiento":"21-22","lugar_Origen":"Riobamba ","lugar_Destino":"Malacatos","num_boleto":23,"cantidad":2,"pasajero":"Martha"},"next":{"info":{"@class":"modelo.Boleto","id":19,"valor":4,"numero_Asiento":25,"lugar_Origen":"Milagro","lugar_Destino":"Babahoyo","num_boleto":5,"cantidad":1,"pasajero":"Gabriela"},"next":{"info":{"@class":"modelo.Boleto","id":20,"valor":17,"numero_Asiento":"08-09","lugar_Origen":"Loja","lugar_Destino":"Guaquillas","num_boleto":8,"cantidad":2,"pasajero":"Dalia"},"next":{"info":{"@class":"modelo.Boleto","id":21,"valor":5,"numero_Asiento":4,"lugar_Origen":"Loja","lugar_Destino":"Malacatos","num_boleto":233,"cantidad":5,"pasajero":"Mateo"},"next":{"info":{"@class":"modelo.Boleto","id":22,"valor":9,"numero_Asiento":7,"lugar_Origen":"Catamayo","lugar_Destino":"La pitas","num_boleto":3,"cantidad":7,"pasajero":"Ivett"},"next":{"info":{"@class":"modelo.Boleto","id":23,"valor":7,"numero_Asiento":11,"lugar_Origen":"Estevan Godoy","lugar_Destino":"La pradera","num_boleto":56,"cantidad":5,"pasajero":"Anahi"},"next":{"info":{"@class":"modelo.Boleto","id":24,"valor":12,"numero_Asiento":22,"lugar_Origen":"Sierra Nevada","lugar_Destino":"El pedestal","num_boleto":34,"cantidad":5,"pasajero":"Noelia"},"next":{"info":{"@class":"modelo.Boleto","id":25,"valor":1,"numero_Asiento":4,"lugar_Origen":"Pio Jaramillo","lugar_Destino":"Yahuarcuna","num_boleto":2,"cantidad":5,"pasajero":"Alejandra"},"next":{"info":{"@class":"modelo.Boleto","id":26,"valor":22,"numero_Asiento":5,"lugar_Origen":"San Sebastian","lugar_Destino":"Catedral","num_boleto":4,"cantidad":5,"pasajero":"Nicole"},"next":{"info":{"@class":"modelo.Boleto","id":27,"valor":7,"numero_Asiento":7,"lugar_Origen":"Perpatua Socorro","lugar_Destino":"Las peñas","num_boleto":6,"cantidad":5,"pasajero":"Daniela"},"next":{"info":{"@class":"modelo.Boleto","id":28,"valor":6,"numero_Asiento":24,"lugar_Origen":"La pitas","lugar_Destino":"Lourdes","num_boleto":25,"cantidad":5,"pasajero":"Jose"},"next":{"info":{"@class":"modelo.Boleto","id":29,"valor":4,"numero_Asiento":14,"lugar_Origen":"Punzara","lugar_Destino":"Supermaxi","num_boleto":39,"cantidad":5,"pasajero":"Andres"},"next":{"info":{"@class":"modelo.Boleto","id":30,"valor":1,"numero_Asiento":34,"lugar_Origen":"San cayetano","lugar_Destino":"La tebaida","num_boleto":21,"cantidad":5,"pasajero":"Jorge"},"next":{"info":{"@class":"modelo.Boleto","id":31,"valor":3,"numero_Asiento":7,"lugar_Origen":"Bolivar","lugar_Destino":"Rocafuerte","num_boleto":4,"cantidad":5,"pasajero":"Erick"},"next":{"info":{"@class":"modelo.Boleto","id":32,"valor":8,"numero_Asiento":45,"lugar_Origen":"Malacatos","lugar_Destino":"Miguel Riofrio","num_boleto":56,"cantidad":5,"pasajero":"Adriana"},"next":{"info":{"@class":"modelo.Boleto","id":33,"valor":7,"numero_Asiento":3,"lugar_Origen":"Ciudad Alegria","lugar_Destino":"24 de mayo","num_boleto":2,"cantidad":5,"pasajero":"Renato"},"next":{"info":{"@class":"modelo.Boleto","id":34,"valor":6,"numero_Asiento":21,"lugar_Origen":"Saraguro","lugar_Destino":"Urdaneta","num_boleto":23,"cantidad":2,"pasajero":"Pepe"},"next":{"info":{"@class":"modelo.Boleto","id":35,"valor":5,"numero_Asiento":11,"lugar_Origen":"El Cisne","lugar_Destino":"Ambato","num_boleto":28,"cantidad":1,"pasajero":"Ivett"},"next":{"info":{"@class":"modelo.Boleto","id":36,"valor":3,"numero_Asiento":25,"lugar_Origen":"Milagro","lugar_Destino":"Babahoyo","num_boleto":5,"cantidad":1,"pasajero":"Anahi"},"next":{"info":{"@class":"modelo.Boleto","id":37,"valor":3,"numero_Asiento":3,"lugar_Origen":"Olmedo","lugar_Destino":"San Pedro","num_boleto":27,"cantidad":4,"pasajero":"Alejandra"},"next":{"info":{"@class":"modelo.Boleto","id":38,"valor":3,"numero_Asiento":7,"lugar_Origen":"malacatos ","lugar_Destino":"Vilcabamba","num_boleto":3,"cantidad":3,"pasajero":"Jose"},"next":{"info":{"@class":"modelo.Boleto","id":39,"valor":12,"numero_Asiento":8,"lugar_Origen":"Celica ","lugar_Destino":"Paltas","num_boleto":16,"cantidad":2,"pasajero":"Edwin"},"next":{"info":{"@class":"modelo.Boleto","id":40,"valor":45,"numero_Asiento":"19-20","lugar_Origen":"Machala","lugar_Destino":"Loja","num_boleto":9,"cantidad":2,"pasajero":"Andres"},"next":{"info":{"@class":"modelo.Boleto","id":41,"valor":22,"numero_Asiento":1,"lugar_Origen":"Celica","lugar_Destino":"Cariamanga","num_boleto":6,"cantidad":2,"pasajero":"Pepe"},"next":{"info":{"@class":"modelo.Boleto","id":42,"valor":6,"numero_Asiento":6,"lugar_Origen":"Loja","lugar_Destino":"Guaquillas","num_boleto":8,"cantidad":2,"pasajero":"Emily"},"next":{"info":{"@class":"modelo.Boleto","id":43,"valor":17,"numero_Asiento":9,"lugar_Origen":"Zamora","lugar_Destino":"El Pangi","num_boleto":20,"cantidad":1,"pasajero":"David"},"next":{"info":{"@class":"modelo.Boleto","id":44,"valor":7,"numero_Asiento":17,"lugar_Origen":"Portoviejo","lugar_Destino":"Manta","num_boleto":10,"cantidad":1,"pasajero":"Jose"},"next":{"info":{"@class":"modelo.Boleto","id":45,"valor":12,"numero_Asiento":12,"lugar_Origen":"Loja","lugar_Destino":"Macara","num_boleto":13,"cantidad":1,"pasajero":"Noelia"},"next":{"info":{"@class":"modelo.Boleto","id":46,"valor":15,"numero_Asiento":14,"lugar_Origen":"Tambo","lugar_Destino":"Catamayo","num_boleto":17,"cantidad":4,"pasajero":"Alejandra"}}}}}}}}}}}}}}}}}}}}}}}}}}}}}}}}}}}}}}}}}}}}}}},"last":{"@reference":"..\/header\/next\/next\/next\/next\/next\/next\/next\/next\/next\/next\/next\/next\/next\/next\/next\/next\/next\/next\/next\/next\/next\/next\/next\/next\/next\/next\/next\/next\/next\/next\/next\/next\/next\/next\/next\/next\/next\/next\/next\/next\/next\/next\/next\/next\/next"},"length":46}}