{"Controlador.TDA.Listas.ListaEnlazada":{"header":{"info":{"@class":"modelo.Pasajero","id":1,"nombre":"Juan","apellido":"Poma","dni":1106072588,"telefono":"0979895407"},"next":{"info":{"@class":"modelo.Pasajero","id":2,"nombre":"Jimena","apellido":"Gonzales","dni":1106072570,"telefono":"0968678237"},"next":{"info":{"@class":"modelo.Pasajero","id":3,"nombre":"Damian ","apellido":"Robles","dni":1103201461,"telefono":"0978685434"},"next":{"info":{"@class":"modelo.Pasajero","id":4,"nombre":"Jostin","apellido":"Armijos","dni":1706172648,"telefono":"0977654436"},"next":{"info":{"@class":"modelo.Pasajero","id":5,"nombre":"Angel","apellido":"Viñamagua","dni":1714818299,"telefono":"0975543532"},"next":{"info":{"@class":"modelo.Pasajero","id":6,"nombre":"Carlos","apellido":"Aguilar","dni":1103367858,"telefono":"0967846180"},"next":{"info":{"@class":"modelo.Pasajero","id":7,"nombre":"Marco","apellido":"Lopez","dni":1400313365,"telefono":"0923567235"},"next":{"info":{"@class":"modelo.Pasajero","id":8,"nombre":"Flavio","apellido":"Bravo","dni":1801877729,"telefono":"0945632780"},"next":{"info":{"@class":"modelo.Pasajero","id":9,"nombre":"Felipe","apellido":"Guarnizo","dni":1303753618,"telefono":"0965868791"},"next":{"info":{"@class":"modelo.Pasajero","id":10,"nombre":"Jesica","apellido":"Balcazar","dni":1102977236,"telefono":"0978788372"},"next":{"info":{"@class":"modelo.Pasajero","id":11,"nombre":"Milena","apellido":"Ochoa","dni":"0802126854","telefono":"0968698142"},"next":{"info":{"@class":"modelo.Pasajero","id":12,"nombre":"Diana","apellido":"Cisneros","dni":1803467925,"telefono":"0911262638"},"next":{"info":{"@class":"modelo.Pasajero","id":13,"nombre":"Rolando","apellido":"Aguirre","dni":"0902780592","telefono":"0957564356"},"next":{"info":{"@class":"modelo.Pasajero","id":14,"nombre":"David","apellido":"Zambrano","dni":"0500794847","telefono":"0978685434"},"next":{"info":{"@class":"modelo.Pasajero","id":15,"nombre":"Paola","apellido":"Vivanco","dni":"0703005579","telefono":"0967635436"},"next":{"info":{"@class":"modelo.Pasajero","id":16,"nombre":"Yolanda","apellido":"Arevalo","dni":"0401197298","telefono":"0977899174"},"next":{"info":{"@class":"modelo.Pasajero","nombre":"Mateo Valetin ","apellido":"Rojas Granda","dni":2342,"telefono":"0985803135"},"next":{"info":{"@class":"modelo.Pasajero","id":18,"nombre":"Martha","apellido":"Rodriguez","dni":"0102250362","telefono":"0978890801"},"next":{"info":{"@class":"modelo.Pasajero","id":19,"nombre":"Gabriela","apellido":"Cordero","dni":1900205566,"telefono":"0922334650"},"next":{"info":{"@class":"modelo.Pasajero","id":20,"nombre":"Dalia","apellido":"Fernandez","dni":"0906820592","telefono":"0981493401"},"next":{"info":{"@class":"modelo.Pasajero","id":21,"nombre":"Mateo","apellido":"Rojas","dni":"0703005579","telefono":"0967234242"},"next":{"info":{"@class":"modelo.Pasajero","id":22,"nombre":"Ivett","apellido":"Zaragocin","dni":"0401197298","telefono":"0934234324"},"next":{"info":{"@class":"modelo.Pasajero","id":23,"nombre":"Anahi","apellido":"Mora","dni":"0902780592","telefono":"09523231"},"next":{"info":{"@class":"modelo.Pasajero","id":24,"nombre":"Noelia","apellido":"Lopez","dni":"0802126854","telefono":"091212122"},"next":{"info":{"@class":"modelo.Pasajero","id":25,"nombre":"Alejandra","apellido":"Solorzano","dni":"0102250362","telefono":"09734233"},"next":{"info":{"@class":"modelo.Pasajero","id":26,"nombre":"Nicole","apellido":"Ochoa","dni":1400313365,"telefono":"0912345566"},"next":{"info":{"@class":"modelo.Pasajero","id":27,"nombre":"Daniela","apellido":"Lara","dni":1106072588,"telefono":"0987232345"},"next":{"info":{"@class":"modelo.Pasajero","id":28,"nombre":"Jose","apellido":"Leon","dni":1706172648,"telefono":"09712312"},"next":{"info":{"@class":"modelo.Pasajero","id":29,"nombre":"Andres","apellido":"Herrera","dni":1106072570,"telefono":"08432342324"},"next":{"info":{"@class":"modelo.Pasajero","id":30,"nombre":"Jorge","apellido":"Esparza","dni":1102977236,"telefono":"09783423"},"next":{"info":{"@class":"modelo.Pasajero","id":31,"nombre":"Erick","apellido":"Garcia","dni":1900205566,"telefono":"09324234"},"next":{"info":{"@class":"modelo.Pasajero","id":32,"nombre":"Adriana","apellido":"Cuenca","dni":1801877729,"telefono":"093424234"},"next":{"info":{"@class":"modelo.Pasajero","id":33,"nombre":"Renato","apellido":"Diaz","dni":1303753618,"telefono":"09658687934"},"next":{"info":{"@class":"modelo.Pasajero","id":34,"nombre":"Pepe","apellido":"Viñamagua","dni":1714818299,"telefono":"0975543532"},"next":{"info":{"@class":"modelo.Pasajero","id":35,"nombre":"Ivett","apellido":"Zaragocin","dni":"0401197298","telefono":"0934234324"},"next":{"info":{"@class":"modelo.Pasajero","id":36,"nombre":"Anahi","apellido":"Mora","dni":"0902780592","telefono":"09523231"},"next":{"info":{"@class":"modelo.Pasajero","id":37,"nombre":"Alejandra","apellido":"Solorzano","dni":"0102250362","telefono":"09734233"},"next":{"info":{"@class":"modelo.Pasajero","id":38,"nombre":"Jose","apellido":"Leon","dni":1706172648,"telefono":"09712312"},"next":{"info":{"@class":"modelo.Pasajero","id":39,"nombre":"Edwin","apellido":"Sanchez","dni":1803538246,"telefono":"0968778790"},"next":{"info":{"@class":"modelo.Pasajero","id":40,"nombre":"Andres","apellido":"Herrera","dni":1106072570,"telefono":"09432342324"},"next":{"info":{"@class":"modelo.Pasajero","id":41,"nombre":"Pepe","apellido":"Viñamagua","dni":1714818299,"telefono":"0975543532"},"next":{"info":{"@class":"modelo.Pasajero","id":42,"nombre":"Emily","apellido":"Cueva","dni":1103367858,"telefono":"0967846180"},"next":{"info":{"@class":"modelo.Pasajero","id":43,"nombre":"David","apellido":"Potaxio","dni":"0500794847","telefono":"0978685434"},"next":{"info":{"@class":"modelo.Pasajero","id":44,"nombre":"Jose","apellido":"Leon","dni":1706172648,"telefono":"09712312"},"next":{"info":{"@class":"modelo.Pasajero","id":45,"nombre":"Noelia","apellido":"Lopez","dni":"0802126854","telefono":"091212122"},"next":{"info":{"@class":"modelo.Pasajero","id":46,"nombre":"Alejandra","apellido":"Solorzano","dni":"0102250362","telefono":"09734233"}}}}}}}}}}}}}}}}}}}}}}}}}}}}}}}}}}}}}}}}}}}}}}},"last":{"@reference":"..\/header\/next\/next\/next\/next\/next\/next\/next\/next\/next\/next\/next\/next\/next\/next\/next\/next\/next\/next\/next\/next\/next\/next\/next\/next\/next\/next\/next\/next\/next\/next\/next\/next\/next\/next\/next\/next\/next\/next\/next\/next\/next\/next\/next\/next\/next"},"length":46}}