<?xml version="1.0" encoding="UTF-8"?>
<project-private xmlns="http://www.netbeans.org/ns/project-private/1">
    <editor-bookmarks xmlns="http://www.netbeans.org/ns/editor-bookmarks/2" lastBookmarkId="0"/>
    <open-files xmlns="http://www.netbeans.org/ns/projectui-open-files/2">
        <group>
            <file>file:/C:/Users/Usuario%20iTC/Documents/NetBeansProjects/Practica_3_Mateo_Rojas/src/Vista/Tabla/ModeloTablaBoleto.java</file>
            <file>file:/C:/Users/Usuario%20iTC/Documents/NetBeansProjects/Practica_3_Mateo_Rojas/src/Vista/FrmVentaBoleto.java</file>
            <file>file:/C:/Users/Usuario%20iTC/Documents/NetBeansProjects/Practica_3_Mateo_Rojas/src/Controlador/dao/Implements/ControlBoleto.java</file>
            <file>file:/C:/Users/Usuario%20iTC/Documents/NetBeansProjects/Practica_3_Mateo_Rojas/src/Vista/FrmListaVenta.java</file>
            <file>file:/C:/Users/Usuario%20iTC/Documents/NetBeansProjects/Practica_3_Mateo_Rojas/src/Controlador/TDA/Listas/ListaEnlazada.java</file>
        </group>
    </open-files>
</project-private>
